Workbook

Sheet Tổng hợp
B2: Thành phần cần dùng theo nền tảng
B3: Bài dự thi OutSystems Partner Hackathon APAC 2026 · Nền tảng Bồi thường Bảo hiểm Sức khoẻ Số (MVP 1 · hành trình J2)
B4: Nguồn: D1–D3 MVP 1, spec REST Consume BnK IDP v0.1 (gọi thật staging 03/09/2026), xác nhận năng lực InsureMO Part A 21/08/2026, ghi chú KBYG 24/08/2026.
B6: Nền tảng / nguồn | C6: Số hạng mục | D6: Bắt buộc | E6: Nên có | F6: Sau hackathon | G6: Ghi chú
B7: OutSystems ODC | C7: =COUNTA('OutSystems ODC'!$A$2:$A$200) -> 38 | D7: =COUNTIF('OutSystems ODC'!$F$2:$F$200,"Bắt buộc") -> 34 | E7: =COUNTIF('OutSystems ODC'!$F$2:$F$200,"Nên có") -> 4 | F7: =COUNTIF('OutSystems ODC'!$F$2:$F$200,"Sau hackathon") -> 0 | G7: 5 module, 12 Entity, 9 Server Action, 1 Timer, 6 nhóm màn hình. Nơi duy nhất tiền chuyển động.
B8: Agent Workbench | C8: =COUNTA('Agent Workbench'!$A$2:$A$200) -> 12 | D8: =COUNTIF('Agent Workbench'!$F$2:$F$200,"Bắt buộc") -> 10 | E8: =COUNTIF('Agent Workbench'!$F$2:$F$200,"Nên có") -> 2 | F8: =COUNTIF('Agent Workbench'!$F$2:$F$200,"Sau hackathon") -> 0 | G8: 7 tác vụ AG-0…AG-7. AG-1/2 là TOOL (BnK IDP), phần còn lại là agent. Phụ thuộc EAP.
B9: BnK IDP | C9: =COUNTA('BnK IDP'!$A$2:$A$200) -> 20 | D9: =COUNTIF('BnK IDP'!$F$2:$F$200,"Bắt buộc") -> 15 | E9: =COUNTIF('BnK IDP'!$F$2:$F$200,"Nên có") -> 4 | F9: =COUNTIF('BnK IDP'!$F$2:$F$200,"Sau hackathon") -> 1 | G9: 6 REST method là đủ cho bản dựng đầu; phần còn lại là cấu hình và quy tắc adapter.
B10: InsureMO | C10: =COUNTA(InsureMO!$A$2:$A$200) -> 9 | D10: =COUNTIF(InsureMO!$F$2:$F$200,"Bắt buộc") -> 5 | E10: =COUNTIF(InsureMO!$F$2:$F$200,"Nên có") -> 1 | F10: =COUNTIF(InsureMO!$F$2:$F$200,"Sau hackathon") -> 3 | G10: Hackathon mock/seed toàn bộ. Core nằm sau adapter nên đổi core không đụng lớp agent.
B11: Chuẩn bị & Rủi ro | C11: =COUNTA('Chuẩn bị & Rủi ro'!$A$2:$A$200) -> 10 | D11: =COUNTIF('Chuẩn bị & Rủi ro'!$F$2:$F$200,"Bắt buộc") -> 7 | E11: =COUNTIF('Chuẩn bị & Rủi ro'!$F$2:$F$200,"Nên có") -> 3 | F11: =COUNTIF('Chuẩn bị & Rủi ro'!$F$2:$F$200,"Sau hackathon") -> 0 | G11: Việc ngoài code: giấy phép, dữ liệu, quyết định nghiệp vụ, nguồn lực.
B12: TỔNG | C12: =SUM(C7:C11) -> 89 | D12: =SUM(D7:D11) -> 71 | E12: =SUM(E7:E11) -> 14 | F12: =SUM(F7:F11) -> 4
B14: Cách dùng bảng này
B15: • Mỗi sheet là một nền tảng. Cột « Mức cần » và « Trạng thái » là ô chọn — cập nhật trực tiếp, số ở sheet này tự tính lại.
B16: • Cột « Người phụ trách » để trống, điền tên khi phân công.
B17: • « Bắt buộc » = không có thì không chạy được bài thi. « Nên có » = làm tăng điểm. « Sau hackathon » = để dành cho pilot.
B18: • Ba việc gấp nhất, đều nằm ngoài code: P-01 bật Agent Experience EAP, P-02 chốt tên khách hàng tham chiếu, P-03 che PII trong bộ chứng từ demo.
B19: • Số liệu kỹ thuật của BnK IDP là đo thật trên staging ngày 03/09/2026: 16,1 giây trích xuất một trang, khoảng 30 giây cho luồng đánh giá 20 mục.

Sheet OutSystems ODC
A1: Mã | B1: Hạng mục | C1: Loại | D1: Mục đích / nội dung | E1: Chi tiết kỹ thuật | F1: Mức cần | G1: Trạng thái | H1: Rủi ro / phụ thuộc | I1: Người phụ trách
A2: OS-01 | B2: Tenant ODC (môi trường dev) | C2: Nền tảng | D2: Nơi dựng và chạy toàn bộ bài dự thi | E2: ODC tenant của BnK; ODC Studio bản mới nhất; quyền deploy cho 3 thành viên | F2: Bắt buộc | G2: Chưa bắt đầu | H2: Chưa tạo tenant riêng cho hackathon
A3: OS-02 | B3: Agent Experience EAP | C3: Giấy phép | D3: Bật Agent Workbench cho tenant | E3: BnK chưa nằm trong 10 công ty đợt đầu — phải xin qua Partner Manager (Lynn) / email Deniz Arin | F3: Bắt buộc | G3: Chưa bắt đầu | H3: RỦI RO CAO: không bật được thì không có Agent Workbench, tức là không có bài
A4: OS-03 | B4: Tài khoản & quyền repo Skills | C4: Nền tảng | D4: Quản lý mã nguồn và skills dùng chung | E4: GitHub ID của từng thành viên; Claude paid license cho mỗi kỹ thuật viên | F4: Nên có | G4: Chưa bắt đầu
A5: OS-04 | B5: Roles | C5: Cấu hình | D5: Phân quyền theo vai | E5: Customer · Assessor · Approver · Administrator. Ràng buộc: người duyệt ≠ người thẩm định (B-07) | F5: Bắt buộc | G5: Chưa bắt đầu
A6: OS-05 | B6: Site Property ReplayMode | C6: Cấu hình | D6: Dự phòng ngày demo — phát lại kết quả IDP đã ghi | E6: Bật ReplayMode để demo không phụ thuộc staging IDP sống | F6: Bắt buộc | G6: Chưa bắt đầu | H6: Phải ghi sẵn JSON đã gọi thật ngày 03/09
A7: OS-M1 | B7: CLM_Core | C7: Module · Service | D7: Toàn bộ nghiệp vụ tất định — nơi duy nhất tiền chuyển động | E7: Entity + Server Action. Chuỗi 14 bước, cổng 4 điều kiện, sổ hạn mức, lệnh chi. Là tool cho agent gọi, không chứa logic agent | F7: Bắt buộc | G7: Chưa bắt đầu
A8: OS-M2 | B8: CLM_Agents | C8: Module · Agent Workbench | D8: Bảy tác vụ AI hỗ trợ | E8: AG-0, 3, 4, 5, 6, 7: prompt + tri thức có phiên bản + tool list + guardrail | F8: Bắt buộc | G8: Chưa bắt đầu | H8: Phụ thuộc OS-02 (EAP)
A9: OS-M3 | B9: CLM_IDP_Int | C9: Module · Service | D9: Tích hợp BnK IDP | E9: 6 REST Consume, adapter chuẩn hoá, Timer poll, ReplayMode | F9: Bắt buộc | G9: Chưa bắt đầu
A10: OS-M4 | B10: CLM_Console | C10: Module · Reactive Web | D10: Màn hình cán bộ thẩm định | E10: Hàng đợi, chi tiết 8 tab, nhật ký, KPI, quản trị | F10: Bắt buộc | G10: Chưa bắt đầu
A11: OS-M5 | B11: CLM_Portal | C11: Module · Reactive Web | D11: App khách hàng | E11: Responsive; bản mobile native để sau. Chỉ gọi Server Action, không gọi IDP trực tiếp | F11: Bắt buộc | G11: Chưa bắt đầu
A12: OS-E1 | B12: Claim | C12: Entity | D12: Hồ sơ bồi thường | E12: 13 trạng thái; mã từ chối NOTREL/NOTCOV/WAIT… | F12: Bắt buộc | G12: Chưa bắt đầu
A13: OS-E2 | B13: ClaimCostLine | C13: Entity | D13: Từng dòng chi phí | E13: Số tiền yêu cầu / thuộc phạm vi / chi trả; quyền lợi ánh xạ; quyết định theo dòng | F13: Bắt buộc | G13: Chưa bắt đầu
A14: OS-E3 | B14: PolicySnapshot | C14: Entity | D14: Bản chụp hợp đồng tại thời điểm nộp | E14: Quy tắc P-02: chụp một lần, không hỏi lại core khi tính | F14: Bắt buộc | G14: Chưa bắt đầu | H14: Phụ thuộc dữ liệu seed / InsureMO I-05
A15: OS-E4 | B15: LimitCounter + LimitConsumption | C15: Entity | D15: Sổ hạn mức hai pha | E15: Bút toán Tạm khi phê duyệt → Chốt khi chi trả; không bao giờ xoá | F15: Bắt buộc | G15: Chưa bắt đầu
A16: OS-E5 | B16: ClinicalRecommendation | C16: Entity | D16: Đề xuất y khoa của AG-5 | E16: proposedReasonCode, evidence[], confidence, knowledgeVersion, theo dòng chi phí | F16: Bắt buộc | G16: Chưa bắt đầu | H16: IDP hiện KHÔNG trả các trường này — AG-5 phải tự sinh
A17: OS-E6 | B17: RecommendationDecision | C17: Entity | D17: Người xác nhận / bác bỏ đề xuất | E17: Bác bỏ bắt buộc ghi lý do; dùng để đo tỷ lệ đồng thuận SC-09 | F17: Bắt buộc | G17: Chưa bắt đầu
A18: OS-E7 | B18: AdjudicationRun | C18: Entity | D18: Mỗi lần chạy chuỗi 14 bước | E18: Lưu before/after để chứng minh 2.000.000 → 1.880.000 ₫ | F18: Bắt buộc | G18: Chưa bắt đầu
A19: OS-E8 | B19: AgentRun | C19: Entity | D19: Nhật ký kỹ thuật của mọi bước tự động | E19: handoffTo, knowledgeVersion, input tham chiếu (không copy PII), thời gian, trạng thái | F19: Bắt buộc | G19: Chưa bắt đầu | H19: Đây là bằng chứng 'agent-to-agent' giám khảo yêu cầu
A20: OS-E9 | B20: IdpSession | C20: Entity | D20: Cache token IDP | E20: AccessToken (Text 400), ObtainedAt, TenantId, UserId — 1 dòng | F20: Bắt buộc | G20: Chưa bắt đầu | H20: TTL token chưa xác nhận — bắt đầu 30 phút / login lại khi 401
A21: OS-E10 | B21: IdpFieldMap | C21: Entity | D21: Ánh xạ nhãn IDP sang khoá nghiệp vụ | E21: templateId + k (nhãn tiếng Việt) → FieldCode, có version; cảnh báo khi gặp k lạ | F21: Bắt buộc | G21: Chưa bắt đầu | H21: IDP trả nhãn chứ không trả khoá máy — nhãn đổi là vỡ
A22: OS-E11 | B22: ClaimDocument + ChecklistItem | C22: Entity | D22: Chứng từ và checklist 3 mức | E22: Bắt buộc / Dự kiến / Tuỳ chọn theo loại điều trị; giữ bản gốc bất biến RawExtractionJson | F22: Bắt buộc | G22: Chưa bắt đầu
A23: OS-E12 | B23: TermRegister | C23: Entity | D23: Sổ điều khoản có hiệu lực theo ngày | E23: TERM-HC-001…010; tác giả ≠ người duyệt điều khoản (B-07) | F23: Nên có | G23: Chưa bắt đầu
A24: OS-A1 | B24: RunAdjudicationChain | C24: Server Action | D24: Chuỗi tính 14 bước tất định | E24: Cùng đầu vào ra cùng kết quả; làm tròn từng bước; không dùng rule engine (P-05) | F24: Bắt buộc | G24: Chưa bắt đầu
A25: OS-A2 | B25: EvaluateGate | C25: Server Action | D25: Cổng tự động duyệt 4 điều kiện | E25: ≤ ngưỡng tiền & không gì bị cắt · y khoa COMPLETE + phủ hết dòng + không đề xuất · không điểm kiểm mở · không tín hiệu trùng | F25: Bắt buộc | G25: Chưa bắt đầu | H25: Ngưỡng tiền là tham số, không hard-code
A26: OS-A3 | B26: ConfirmRecommendation | C26: Server Action | D26: Ghi quyết định của người + chạy lại chuỗi trong MỘT transaction | E26: Bảo đảm không có trạng thái nửa vời giữa quyết định và số tiền | F26: Bắt buộc | G26: Chưa bắt đầu
A27: OS-A4 | B27: WriteAgentRun | C27: Server Action | D27: Ghi nhật ký từng bước tự động | E27: Mọi agent đều gọi; là tool bắt buộc trong mọi agent | F27: Bắt buộc | G27: Chưa bắt đầu
A28: OS-A5 | B28: IdpParseExtraction | C28: Server Action | D28: Adapter chuẩn hoá kết quả IDP | E28: Dùng chung cho /request/sync (result.result 2 lớp) và /request/{id}/result (1 lớp) | F28: Bắt buộc | G28: Chưa bắt đầu
A29: OS-A6 | B29: IdpGetToken | C29: Server Action | D29: Lấy / làm mới token IDP | E29: Login lại khi quá TTL hoặc gặp 401. Không có refresh token | F29: Bắt buộc | G29: Chưa bắt đầu
A30: OS-A7 | B30: SubmitClaim | C30: Server Action | D30: Nhận hồ sơ từ app khách hàng | E30: Sinh Claim + PolicySnapshot + gọi AG-0 | F30: Bắt buộc | G30: Chưa bắt đầu
A31: OS-A8 | B31: IssuePaymentInstruction | C31: Server Action | D31: Phát hành lệnh chi + chốt bút toán hạn mức | E31: Chỉ chạy sau phê duyệt của người duyệt | F31: Bắt buộc | G31: Chưa bắt đầu
A32: OS-A9 | B32: REST Expose — mock core | C32: Server Action | D32: Giả lập InsureMO cho hackathon | E32: Trả JSON tĩnh hoặc seed cây quyền lợi HC-STD/PLS/PRM theo P-02 | F32: Bắt buộc | G32: Chưa bắt đầu | H32: Thay bằng InsureMO thật ở pilot
A33: OS-T1 | B33: IdpAssessmentPoller | C33: Timer | D33: Poll kết quả đánh giá của IDP | E33: Backoff 3 → 5 → 10 → 30 s, trần 15 phút; quá trần thì chạy Track 1 một mình + cảnh báo | F33: Bắt buộc | G33: Chưa bắt đầu | H33: IDP dùng socket.io — ODC không nghe được, buộc phải poll
A34: OS-S1 | B34: Hàng đợi công việc (F42) | C34: Màn hình | D34: Danh sách hồ sơ được giao | E34: Lọc theo trạng thái, tuổi hồ sơ, cán bộ; nhận hồ sơ chưa giao | F34: Bắt buộc | G34: Chưa bắt đầu
A35: OS-S2 | B35: Chi tiết hồ sơ 8 tab (F44–F53) | C35: Màn hình | D35: Màn hình chính của sản phẩm | E35: Thông tin chung · Chứng từ · Trích xuất & chi phí · Sự kiện & phạm vi · Tính toán & hạn mức · Phương án bồi thường · Phê duyệt & chi trả · Lịch sử & nhật ký | F35: Bắt buộc | G35: Chưa bắt đầu
A36: OS-S3 | B36: Bảng điều khiển (F54) + Quản trị (F55) | C36: Màn hình | D36: Số liệu vận hành và cấu hình | F36: Nên có | G36: Chưa bắt đầu
A37: OS-S4 | B37: Tham chiếu: hợp đồng F60 · điều khoản F65 · điểm kiểm F67 · hạn mức F48 | C37: Màn hình | D37: Tra cứu khi thẩm định | F37: Nên có | G37: Chưa bắt đầu
A38: OS-S5 | B38: App khách hàng (S07–S14) | C38: Màn hình | D38: Tạo hồ sơ bằng ảnh chụp, theo dõi, bổ sung chứng từ | E38: 4 trạng thái với khách: Đã gửi → Đang xử lý chứng từ → Đang thẩm định → Kết quả | F38: Bắt buộc | G38: Chưa bắt đầu
A39: OS-S6 | B39: Hàng đợi vận hành (F53) | C39: Màn hình | D39: Hồ sơ lỗi xử lý tài liệu / quá hạn | E39: EXTRACTION_ERROR không bao giờ tự thành từ chối | F39: Bắt buộc | G39: Chưa bắt đầu

Sheet Agent Workbench
A1: Mã | B1: Hạng mục | C1: Loại | D1: Mục đích / nội dung | E1: Chi tiết kỹ thuật | F1: Mức cần | G1: Trạng thái | H1: Rủi ro / phụ thuộc | I1: Người phụ trách
A2: AG-0 | B2: Orchestrator — điều phối hồ sơ | C2: Agent · Orchestrator | D2: Điều phối luồng và hàng đợi, KHÔNG bao giờ quyết định tiền | E2: Tri thức: sơ đồ luồng J2 + quy tắc chờ. Tool: RunAgent · CallIdpSubmit · RunChain · EvaluateGate · RouteToQueue · WriteAgentRun | F2: Bắt buộc | G2: Chưa bắt đầu | H2: Bộ tool phải bị giới hạn — đây là guardrail chính
A3: AG-1/2 | B3: Phân loại + trích xuất chứng từ | C3: TOOL (không phải agent) | D3: Đọc chứng từ — năng lực sẵn có của BnK IDP | E3: Gọi REST POST /request/sync với templates 5384,5127,5299,5383,5340. Trả dữ liệu, không suy luận | F3: Bắt buộc | G3: Chưa bắt đầu | H3: Đây là tool, đừng trình bày như agent — giám khảo sẽ hỏi
A4: AG-3 | B4: Đối chiếu chéo giấy tờ | C4: Agent | D4: Tìm chỗ các giấy tờ nói khác nhau | E4: Tri thức: R1–R9 + 20 cảnh báo của flow 28/8. Tool: GetIdpWarnings · GetNormalisedLines · WriteWarning | F4: Bắt buộc | G4: Chưa bắt đầu
A5: AG-4 | B5: Kiểm tra đủ hồ sơ | C5: Agent | D5: Thiếu gì, hỏi khách câu nào | E5: Tri thức: checklist theo loại điều trị. Tool: GetMatchedTemplates · GetChecklist · RaiseInfoRequest | F5: Bắt buộc | G5: Chưa bắt đầu
A6: AG-5 | B6: Kiểm tra phù hợp y khoa | C6: Agent | D6: Lấp đúng khoảng trống IDP chưa đáp ứng (nhóm H) | E6: Tri thức: KB lâm sàng CÓ PHIÊN BẢN (kb-2026-08-01). Tool: GetClinicalContext (không PII) · SearchKB · WriteRecommendation. Đầu ra: NOTREL/NOTCOV + evidence[] + độ tin cậy, theo từng dòng | F6: Bắt buộc | G6: Chưa bắt đầu | H6: RK-08: KB lâm sàng chưa có y khoa ký duyệt — chế độ tư vấn, bằng chứng bắt buộc
A7: AG-6 | B7: Tín hiệu trùng & gian lận | C7: Agent | D7: Sinh tín hiệu cho điều kiện 4 của cổng | E7: Tri thức: danh mục 13.328 cơ sở KCB + lịch sử hồ sơ. Tool: SearchHospital · FindDuplicateClaims · WriteSignal | F7: Bắt buộc | G7: Chưa bắt đầu
A8: AG-7 | B8: Soạn nháp thư cho khách | C8: Agent | D8: Viết lý do bằng lời, cán bộ sửa trước khi gửi | E8: Tri thức: 7 mẫu lý do (A2 §4). Tool: GetDeclineContext · WriteDraft | F8: Nên có | G8: Chưa bắt đầu | H8: Không bao giờ tự gửi
A9: AW-01 | B9: Cơ sở tri thức lâm sàng có phiên bản | C9: Tài sản tri thức | D9: Nguồn tri thức của AG-5 | E9: Ghi knowledgeVersion vào mọi AgentRun để giải thích được sáu tháng sau | F9: Bắt buộc | G9: Chưa bắt đầu | H9: Cần y khoa rà soát trước khi ra pilot (RK-08)
A10: AW-02 | B10: Cơ chế agent gọi agent | C10: Quyết định kiến trúc | D10: Agent gọi trực tiếp hay Orchestrator gọi tuần tự qua Server Action | E10: Chốt tại buổi Technical Enablement 07/09 với SA OutSystems | F10: Bắt buộc | G10: Chưa bắt đầu | H10: Cả hai đều dựng được — chỉ khác cơ chế, không khác câu chuyện
A11: AW-03 | B11: Guardrail bằng code | C11: Nguyên tắc | D11: Cổng 4 điều kiện, đường ranh tiền, evidence bắt buộc | E11: Guardrail nằm trong Server Action, KHÔNG nằm trong prompt | F11: Bắt buộc | G11: Chưa bắt đầu
A12: AW-04 | B12: Unit test payload không chứa PII | C12: Kiểm thử | D12: Chứng minh AG-5 chỉ thấy nhóm tuổi + giới + chẩn đoán | E12: Test riêng cho từng agent | F12: Bắt buộc | G12: Chưa bắt đầu | H12: Điều kiện biên BC-1
A13: AW-05 | B13: Đo tỷ lệ đồng thuận với đề xuất | C13: Đo lường | D13: SC-09 — đo từ hồ sơ đầu tiên | E13: Đọc từ RecommendationDecision | F13: Nên có | G13: Chưa bắt đầu | H13: Mục tiêu đặt sau benchmark

Sheet BnK IDP
A1: Mã | B1: Hạng mục | C1: Loại | D1: Mục đích / nội dung | E1: Chi tiết kỹ thuật | F1: Mức cần | G1: Trạng thái | H1: Rủi ro / phụ thuộc | I1: Người phụ trách
A2: IDP-01 | B2: POST /auth/login + GET /user/me | C2: REST Consume | D2: Lấy token và thông tin tenant | E2: Body {username,password} → 201 {access_token}. /user/me trả tenantId, roleId (End User = 2) | F2: Bắt buộc | G2: Chưa bắt đầu | H2: Không có service account — phải tạo tài khoản vai Tenant riêng
A3: IDP-02 | B3: POST /request/sync | C3: REST Consume | D3: Nộp chứng từ + nhận kết quả trích xuất trong một lời gọi | E3: multipart: name (nhét ClaimNo) · templates (CHUỖI ngăn phẩy, không phải array) · document. Đo thật ~16,1 s/trang | F3: Bắt buộc | G3: Chưa bắt đầu | H3: result.result LỒNG HAI LỚP ở /sync, một lớp ở /request/{id}/result
A4: IDP-03 | B4: PUT /workflow/request | C4: REST Consume | D4: Nộp yêu cầu đánh giá | E4: Body: ocrRequestIds[] · workflowId · name · extraInputData[]. Trả workflowRequestId | F4: Bắt buộc | G4: Chưa bắt đầu | H4: autoStart VÔ TÁC DỤNG — bắt buộc gọi IDP-04
A5: IDP-04 | B5: GET /workflow/run-workflow-request/{id} | C5: REST Consume | D5: Kích hoạt workflow | E5: Không body. Lần đầu có thể 400 → chờ 2 s, thử lại tối đa 3 lần | F5: Bắt buộc | G5: Chưa bắt đầu
A6: IDP-05 | B6: GET /workflow/request/{id} | C6: REST Consume | D6: Poll trạng thái | E6: status: 1 Waiting · 7 InQueue · 2 Running · 3 Finished · 4 Error · 5 NotFound · 6 Unknown. Đo thật ~30 s | F6: Bắt buộc | G6: Chưa bắt đầu
A7: IDP-06 | B7: GET /workflow/request/{id}/result/json | C7: REST Consume | D7: Lấy 20 mục kết quả đánh giá | E7: instruction_type ∈ {Cảnh báo, Trích xuất field}; warning_level ∈ {0, 0.5, 1} | F7: Bắt buộc | G7: Chưa bắt đầu | H7: 400 mã 4007 → thử lại; data = {} sau khi Finished là HỎNG, không phải sạch
A8: IDP-07 | B8: GET /request/{id}/raw-file | C8: REST Consume | D8: Lấy ảnh gốc để cán bộ đối chiếu | E8: TRẢ application/zip — phải giải nén trước khi hiển thị | F8: Nên có | G8: Chưa bắt đầu
A9: IDP-08 | B9: GET /metadata/opensearch/table/322/search | C9: REST Consume | D9: Tra cơ sở khám chữa bệnh | E9: → hospital_code, country. Bảng 322 có 13.328 dòng. Đóng câu hỏi mở Q-IDP-05 | F9: Nên có | G9: Chưa bắt đầu
A10: IDP-09 | B10: Structures chuẩn hoá | C10: Cấu trúc dữ liệu | D10: Khuôn dữ liệu dùng trong ODC | E10: IdpExtractionResult · IdpTemplateData · IdpField {K,V,C,CLlm,MatchW,PageNumber} · IdpTable · IdpAssessmentItem | F10: Bắt buộc | G10: Chưa bắt đầu
A11: IDP-10 | B11: Bảy quy tắc adapter | C11: Quy tắc triển khai | D11: Chuẩn hoá đầu ra IDP | E11: k là nhãn → giữ bảng ánh xạ · v='' → null · field rỗng vẫn c=1 nên confidence = min c trên field bắt buộc CÓ giá trị · hai thang 0–1 và 0–100 · parse cả dd/MM/yyyy và yyyy-MM-dd · mọi lỗi IDP → EXTRACTION_ERROR · copy kết quả lần đọc đầu làm bản gốc bất biến | F11: Bắt buộc | G11: Chưa bắt đầu
A12: IDP-11 | B12: Header User-Agent giả trình duyệt | C12: Cấu hình bắt buộc | D12: Vượt Cloudflare | E12: Thiếu header này Cloudflare trả 403 error 1010 trên mọi request | F12: Bắt buộc | G12: Chưa bắt đầu | H12: Lỗi này rất dễ mất nửa ngày nếu không biết trước
A13: IDP-12 | B13: Ghim workflowId 5ed8e4fc-… | C13: Cấu hình bắt buộc | D13: Chọn đúng flow chạy được | E13: 'Workflow Claim 28/8' — flow duy nhất trả JSON đầy đủ 4/4 lần. Flow 8d873709-… trả {} | F13: Bắt buộc | G13: Chưa bắt đầu | H13: Flow bị sửa giữa sprint là hỏng demo → ghim version hoặc clone riêng
A14: IDP-13 | B14: Tài khoản tích hợp vai Tenant | C14: Chuẩn bị | D14: Tài khoản riêng cho tenant demo | E14: Không dùng tài khoản cá nhân đang có trong api-and-accounts.txt | F14: Bắt buộc | G14: Chưa bắt đầu | H14: Vai Partner/Admin bị 403 trên toàn bộ /request/*
A15: IDP-14 | B15: Bộ chứng từ sạch (Document Set) | C15: Chuẩn bị | D15: Chỉ gồm template y tế | E15: 5384/5127 Giấy ra viện · 5299 Đơn thuốc · 5383 Bảng kê chi phí · 5340 Kết quả xét nghiệm · 5312 Biên lai viện phí | F15: Bắt buộc | G15: Chưa bắt đầu | H15: Bộ 193 hiện lẫn Passport, Sales Invoice, Money transfer
A16: IDP-15 | B16: POST /mbal/template-map | C16: Chuẩn bị | D16: Nạp map để subDocumentType không trả null | E16: Kèm crosswalk CL* → T1-nn / T2-nn giữ trong IdpFieldMap | F16: Nên có | G16: Chưa bắt đầu
A17: IDP-16 | B17: POST /request/compare | C17: REST Consume | D17: Đo độ chính xác trích xuất với bộ ground-truth XLSX | E17: Cần cho tiêu chí SC-02 và trang ROI — hiện đang ghi 'chưa đo' | F17: Nên có | G17: Chưa bắt đầu | H17: 10–20 chứng từ + XLSX ground-truth phải chuẩn bị trước
A18: IDP-17 | B18: Biến thể nhiều file | C18: REST Consume | D18: Khi chứng từ nhiều trang / nhiều file | E18: POST /request/group → POST /request (×n) → GET /request/group/{id}/check-status → GET /request/{id}/result | F18: Sau hackathon | G18: Chưa bắt đầu
A19: IDP-18 | B19: Xác nhận thông số với đội IDP | C19: Chuẩn bị | D19: Chốt các giá trị chưa rõ | E19: TTL token · MAX_FILE_SIZE · THROTTLE thật (thiết kế ≤100 req/60 s) · flow 28/8 có ổn định 4 tuần không | F19: Bắt buộc | G19: Chưa bắt đầu
A20: IDP-19 | B20: Danh sách KHÔNG dùng | C20: Quy tắc triển khai | D20: Tránh mất thời gian và vi phạm thiết kế | E20: PUT /request/{id}/result (phá tính bất biến, vi phạm D3 §I-09) · POST /request/from-url (đang hỏng) · POST /request/merge-multiple (chỉ ảnh, ≤10) · socket.io Channel_{tenantId} (ODC không nghe được) | F20: Bắt buộc | G20: Chưa bắt đầu
A21: IDP-20 | B21: Khoảng trống IDP so với D3 | C21: Ghi nhận | D21: 13/64 yêu cầu đáp ứng đủ, 32/64 chưa đáp ứng | E21: Nhóm H (y khoa): không mã lý do, không bằng chứng, không theo dòng chi phí (8/12 mục) | F21: Bắt buộc | G21: Đã rõ | H21: Đây chính là lý do tồn tại của AG-5

Sheet InsureMO
A1: Mã | B1: Hạng mục | C1: Loại | D1: Mục đích / nội dung | E1: Chi tiết kỹ thuật | F1: Mức cần | G1: Trạng thái | H1: Rủi ro / phụ thuộc | I1: Người phụ trách
A2: I-01 | B2: Catalogue sản phẩm & cây quyền lợi | C2: Giao diện tích hợp | D2: Lấy định nghĩa sản phẩm và cây quyền lợi khi publish | E2: Hackathon: MOCK bằng REST Expose trả JSON tĩnh | F2: Bắt buộc | G2: Provisional | H2: Chưa thấy payload thật
A3: I-02 / I-03 | B3: Báo giá · nộp đơn & cấp đơn (J1) | C3: Giao diện tích hợp | D3: Hành trình mua bảo hiểm | E3: Không thuộc phạm vi hackathon (chỉ J2) | F3: Sau hackathon | G3: Provisional | H3: C-IMO-03: schema chưa có
A4: I-04 | B4: Webhook/poll đơn đã cấp | C4: Giao diện tích hợp | D4: Đơn đã cấp → hợp đồng, thành viên, quyền lợi | F4: Sau hackathon | G4: Provisional | H4: C-IMO-04
A5: I-05 | B5: Thành viên, hợp đồng, cây quyền lợi as-at-date | C5: Giao diện tích hợp | D5: Nguồn dữ liệu cho PolicySnapshot (P-02) của J2 | E5: Hackathon: SEED cây quyền lợi HC-STD / PLS / PRM vào Entity | F5: Bắt buộc | G5: Provisional | H5: 4 ẩn số đã được InsureMO đóng bằng văn bản 21/08
A6: I-06 | B6: Đăng ký claim & ghi kết quả lên hợp đồng | C6: Giao diện tích hợp | D6: Trả kết quả bồi thường về core | E6: Hackathon: MOCK | F6: Bắt buộc | G6: Provisional
A7: IMO-07 | B7: Sandbox + API catalogue | C7: Chuẩn bị | D7: Môi trường thử thật | E7: C-IMO-06 — vẫn là critical path cho pilot, không phải cho hackathon | F7: Sau hackathon | G7: Chưa bắt đầu | H7: Không có sandbox thì pilot không chạy được
A8: IMO-08 | B8: Adapter core-agnostic | C8: Kiến trúc | D8: Core nằm sau adapter | E8: Đổi core (InsureMO / Bicins / DataPlatform) không đụng tới lớp agent và chuỗi tính | F8: Bắt buộc | G8: Chưa bắt đầu | H8: Đây là điểm bán hàng: claim platform là tài sản của BnK
A9: IMO-09 | B9: RK-14 — phụ thuộc cứng, không fallback | C9: Rủi ro | D9: Cây quyền lợi chỉ sống trong InsureMO | E9: Policy Data Store đã bỏ ngày 21/08 | F9: Bắt buộc | G9: Đã rõ | H9: Với hackathon: seed/mock theo P-02. Với pilot: bắt buộc có sandbox
A10: IMO-10 | B10: Xác nhận năng lực (Part A, 21/08) | C10: Ghi nhận | D10: Những gì InsureMO đã xác nhận làm được | E10: Cây quyền lợi 2–3 tầng · hạn mức tiền & số lần · thời gian chờ theo 6 lớp bệnh · đồng chi trả kế thừa · nhiều mức quyền lợi trên một hợp đồng · truy vấn as-at-date | F10: Nên có | G10: Đã rõ | H10: Còn mở: C-IMO-03/04/05 schema & effective-dating, 07/08/09 hosting, licensing, khách tham chiếu

Sheet Chuẩn bị & Rủi ro
A1: Mã | B1: Hạng mục | C1: Loại | D1: Mục đích / nội dung | E1: Chi tiết kỹ thuật | F1: Mức cần | G1: Trạng thái | H1: Rủi ro / phụ thuộc | I1: Người phụ trách
A2: P-01 | B2: Bật Agent Experience EAP | C2: Giấy phép | D2: Điều kiện tiên quyết của cả bài thi | E2: Email Deniz Arin / Partner Manager (Lynn); nộp Tenant URL nếu chưa có | F2: Bắt buộc | G2: Chưa bắt đầu | H2: Không có thì KHÔNG CÓ BÀI — việc gấp nhất
A3: P-02 | B3: Chốt tên khách hàng tham chiếu | C3: Nghiệp vụ | D3: Tiêu chí 'real external customer' chấm nặng | E3: Có được nêu tên hãng bảo hiểm đang dùng BnK IDP không, hay dùng mô tả ẩn danh | F3: Bắt buộc | G3: Chưa bắt đầu | H3: Cần sếp quyết — không sửa được bằng code
A4: P-03 | B4: Che PII trong bộ chứng từ demo | C4: Nghiệp vụ · pháp lý | D4: Điều kiện biên BC-1 | E4: File test hiện chứa họ tên, ngày sinh, số thẻ BHYT — phải ẩn danh hoàn toàn trước khi đưa lên tenant ODC hoặc chiếu cho OutSystems | F4: Bắt buộc | G4: Chưa bắt đầu | H4: Vi phạm là có thể bị loại
A5: P-04 | B5: Bộ ground-truth 10–20 chứng từ + XLSX | C5: Dữ liệu | D5: Chạy POST /request/compare để có số cho SC-02 | E5: Hiện độ chính xác trích xuất vẫn ghi 'chưa đo' | F5: Nên có | G5: Chưa bắt đầu | H5: Giám khảo rất dễ hỏi 'AI đọc đúng bao nhiêu %'
A6: P-05 | B6: Seed hợp đồng HC-STD/PLS/PRM + 4 hồ sơ mẫu | C6: Dữ liệu | D6: Dữ liệu chạy demo A/B/C/D | E6: Theo quy tắc P-02 | F6: Bắt buộc | G6: Chưa bắt đầu
A7: P-06 | B7: Chốt interim B-19 / B-20 / B-21 | C7: Nghiệp vụ | D7: Ba quyết định còn mở về tiền | E7: B-19 giảm trừ · B-20 thứ tự tiêu thụ trần · B-21 hạn mức pro-rata — cần chữ ký nghiệp vụ | F7: Bắt buộc | G7: Chưa bắt đầu | H7: Chọn phương án tạm và ghi rõ trên hồ sơ là đủ cho hackathon
A8: P-07 | B8: Roster B-07 | C8: Tổ chức | D8: Ai giữ TERM_AUTHOR / TERM_APPROVE, ai trực điểm kiểm | E8: Người duyệt ≠ người thẩm định | F8: Nên có | G8: Chưa bắt đầu
A9: P-08 | B9: Đội hình 3 người × 4 tuần | C9: Nguồn lực | D9: 1 business + 2 SA/dev; tiếp tục sau 22/10 nếu vào pilot | E9: Đăng ký Technical Enablement 07/09 | F9: Bắt buộc | G9: Chưa bắt đầu | H9: Cần sếp cam kết
A10: P-09 | B10: Ngân sách Claude license + tenant | C10: Nguồn lực | D10: Công cụ cho đội kỹ thuật | F10: Nên có | G10: Chưa bắt đầu
A11: P-10 | B11: Bản ghi JSON cho ReplayMode | C11: Kỹ thuật | D11: Dự phòng ngày demo | E11: Dùng JSON đã gọi thật ngày 03/09 | F11: Bắt buộc | G11: Chưa bắt đầu
